run,stage,run_group,model,sweep_label,seed,mean_foscttm,time_mae,time_spearman,jvp_rhs_cos,jvp_norm,rhs_norm,kappa_mean,beta_mean,lr,sinkhorn_reg,lambda_dyn,phi_init_gain,kot_rna_layer,kot_protein_layer,velocity_layer
run_20260701_141322,clean,linked_ode,glue,,6.0,0.426591,,,,,,,,0.001,0.1,1.0,0.5,spliced_mean,protein_mean,true_velocity_mean
run_20260701_141322,clean,linked_ode,glue,,9.0,0.42079,,,,,,,,0.001,0.1,1.0,0.5,spliced_mean,protein_mean,true_velocity_mean
run_20260701_141322,clean,linked_ode,glue,,11.0,0.41943,,,,,,,,0.001,0.1,1.0,0.5,spliced_mean,protein_mean,true_velocity_mean
run_20260701_141322,clean,linked_ode,glue,,17.0,0.412803,,,,,,,,0.001,0.1,1.0,0.5,spliced_mean,protein_mean,true_velocity_mean
run_20260701_141322,clean,linked_ode,glue,,21.0,0.427955,,,,,,,,0.001,0.1,1.0,0.5,spliced_mean,protein_mean,true_velocity_mean
run_20260701_141322,clean,linked_ode,glue,,33.0,0.414809,,,,,,,,0.001,0.1,1.0,0.5,spliced_mean,protein_mean,true_velocity_mean
run_20260701_141322,clean,linked_ode,glue,,42.0,0.441271,,,,,,,,0.001,0.1,1.0,0.5,spliced_mean,protein_mean,true_velocity_mean
run_20260701_141322,clean,linked_ode,glue,,77.0,0.421419,,,,,,,,0.001,0.1,1.0,0.5,spliced_mean,protein_mean,true_velocity_mean
run_20260701_141322,clean,linked_ode,glue,,88.0,0.424721,,,,,,,,0.001,0.1,1.0,0.5,spliced_mean,protein_mean,true_velocity_mean
run_20260701_141322,clean,linked_ode,glue,,101.0,0.422121,,,,,,,,0.001,0.1,1.0,0.5,spliced_mean,protein_mean,true_velocity_mean
run_20260701_141322,clean,linked_ode,glue,,123.0,0.427724,,,,,,,,0.001,0.1,1.0,0.5,spliced_mean,protein_mean,true_velocity_mean
run_20260701_141322,clean,linked_ode,glue,,2026.0,0.423228,,,,,,,,0.001,0.1,1.0,0.5,spliced_mean,protein_mean,true_velocity_mean
run_20260701_141322,clean,linked_ode,linear_ode,,,0.446429,,,,,,,,0.001,0.1,1.0,0.5,spliced_mean,protein_mean,true_velocity_mean
run_20260701_141322,clean,linked_ode,moscot,,,0.480254,,,,,,,,0.001,0.1,1.0,0.5,spliced_mean,protein_mean,true_velocity_mean
run_20260701_141322,clean,linked_ode,scot,,,0.515032,,,,,,,,0.001,0.1,1.0,0.5,spliced_mean,protein_mean,true_velocity_mean
run_20260701_141322,clean,linked_ode,uniport,,6.0,0.503873,,,,,,,,0.001,0.1,1.0,0.5,spliced_mean,protein_mean,true_velocity_mean
run_20260701_141322,clean,linked_ode,uniport,,9.0,0.491646,,,,,,,,0.001,0.1,1.0,0.5,spliced_mean,protein_mean,true_velocity_mean
run_20260701_141322,clean,linked_ode,uniport,,11.0,0.492939,,,,,,,,0.001,0.1,1.0,0.5,spliced_mean,protein_mean,true_velocity_mean
run_20260701_141322,clean,linked_ode,uniport,,17.0,0.503359,,,,,,,,0.001,0.1,1.0,0.5,spliced_mean,protein_mean,true_velocity_mean
run_20260701_141322,clean,linked_ode,uniport,,21.0,0.492426,,,,,,,,0.001,0.1,1.0,0.5,spliced_mean,protein_mean,true_velocity_mean
run_20260701_141322,clean,linked_ode,uniport,,33.0,0.505631,,,,,,,,0.001,0.1,1.0,0.5,spliced_mean,protein_mean,true_velocity_mean
run_20260701_141322,clean,linked_ode,uniport,,42.0,0.49124,,,,,,,,0.001,0.1,1.0,0.5,spliced_mean,protein_mean,true_velocity_mean
run_20260701_141322,clean,linked_ode,uniport,,77.0,0.503366,,,,,,,,0.001,0.1,1.0,0.5,spliced_mean,protein_mean,true_velocity_mean
run_20260701_141322,clean,linked_ode,uniport,,88.0,0.503315,,,,,,,,0.001,0.1,1.0,0.5,spliced_mean,protein_mean,true_velocity_mean
run_20260701_141322,clean,linked_ode,uniport,,101.0,0.491398,,,,,,,,0.001,0.1,1.0,0.5,spliced_mean,protein_mean,true_velocity_mean
run_20260701_141322,clean,linked_ode,uniport,,123.0,0.503297,,,,,,,,0.001,0.1,1.0,0.5,spliced_mean,protein_mean,true_velocity_mean
run_20260701_141322,clean,linked_ode,uniport,,2026.0,0.503656,,,,,,,,0.001,0.1,1.0,0.5,spliced_mean,protein_mean,true_velocity_mean
run_20260701_171218,clean,linked_ode,totalvi,,6.0,0.0,,,,,,,,0.001,0.1,1.0,0.5,spliced_mean,protein_mean,true_velocity_mean
run_20260701_171218,clean,linked_ode,totalvi,,9.0,0.0,,,,,,,,0.001,0.1,1.0,0.5,spliced_mean,protein_mean,true_velocity_mean
run_20260701_171218,clean,linked_ode,totalvi,,11.0,0.0,,,,,,,,0.001,0.1,1.0,0.5,spliced_mean,protein_mean,true_velocity_mean
run_20260701_171218,clean,linked_ode,totalvi,,17.0,0.0,,,,,,,,0.001,0.1,1.0,0.5,spliced_mean,protein_mean,true_velocity_mean
run_20260701_171218,clean,linked_ode,totalvi,,21.0,0.0,,,,,,,,0.001,0.1,1.0,0.5,spliced_mean,protein_mean,true_velocity_mean
run_20260701_171218,clean,linked_ode,totalvi,,33.0,0.0,,,,,,,,0.001,0.1,1.0,0.5,spliced_mean,protein_mean,true_velocity_mean
run_20260701_171218,clean,linked_ode,totalvi,,42.0,0.0,,,,,,,,0.001,0.1,1.0,0.5,spliced_mean,protein_mean,true_velocity_mean
run_20260701_171218,clean,linked_ode,totalvi,,77.0,0.0,,,,,,,,0.001,0.1,1.0,0.5,spliced_mean,protein_mean,true_velocity_mean
run_20260701_171218,clean,linked_ode,totalvi,,88.0,0.0,,,,,,,,0.001,0.1,1.0,0.5,spliced_mean,protein_mean,true_velocity_mean
run_20260701_171218,clean,linked_ode,totalvi,,101.0,0.0,,,,,,,,0.001,0.1,1.0,0.5,spliced_mean,protein_mean,true_velocity_mean
run_20260701_171218,clean,linked_ode,totalvi,,123.0,0.0,,,,,,,,0.001,0.1,1.0,0.5,spliced_mean,protein_mean,true_velocity_mean
run_20260701_171218,clean,linked_ode,totalvi,,2026.0,0.0,,,,,,,,0.001,0.1,1.0,0.5,spliced_mean,protein_mean,true_velocity_mean
run_20260701_183237,clean,linked_ode,kot,,6.0,0.029489,0.17904500900180034,0.9999945245426586,0.6022195816040039,0.13862043619155884,0.12102803587913513,0.47568947076797485,0.6780098676681519,0.001,0.1,1.0,0.5,spliced_mean,protein_mean,true_velocity_mean
run_20260701_183237,clean,linked_ode,kot,,9.0,0.0336,0.1954810962192438,0.9999943384946711,0.631427526473999,0.14473333954811096,0.11959657073020935,0.4476446509361267,0.6779828071594238,0.001,0.1,1.0,0.5,spliced_mean,protein_mean,true_velocity_mean
run_20260701_183237,clean,linked_ode,kot,,11.0,0.034124,0.19680936187237444,0.9999947952867132,0.6361225843429565,0.14745531976222992,0.1205616295337677,0.4530985355377197,0.6845868825912476,0.001,0.1,1.0,0.5,spliced_mean,protein_mean,true_velocity_mean
run_20260701_183237,clean,linked_ode,kot,,17.0,0.032816,0.19236687337467492,0.9999944180305247,0.6343249678611755,0.1449318528175354,0.11828844249248505,0.45117664337158203,0.6834716796875,0.001,0.1,1.0,0.5,spliced_mean,protein_mean,true_velocity_mean
run_20260701_183237,clean,linked_ode,kot,,21.0,0.031146,0.18476295259051811,0.9999943706545077,0.6109654903411865,0.14188067615032196,0.11747633665800095,0.4676784574985504,0.6841399073600769,0.001,0.1,1.0,0.5,spliced_mean,protein_mean,true_velocity_mean
run_20260701_183237,clean,linked_ode,kot,,33.0,0.032645,0.18999839967993595,0.9999947420066378,0.6066946387290955,0.14310158789157867,0.11618933081626892,0.46512743830680847,0.6777342557907104,0.001,0.1,1.0,0.5,spliced_mean,protein_mean,true_velocity_mean
run_20260701_183237,clean,linked_ode,kot,,42.0,0.033361,0.19716023204640928,0.9999944418864941,0.6256297826766968,0.14332589507102966,0.11711755394935608,0.4475138187408447,0.6787154078483582,0.001,0.1,1.0,0.5,spliced_mean,protein_mean,true_velocity_mean
run_20260701_183237,clean,linked_ode,kot,,77.0,0.033023,0.1931522304460892,0.999994694102569,0.6411336064338684,0.14433573186397552,0.119377002120018,0.45660966634750366,0.6854243874549866,0.001,0.1,1.0,0.5,spliced_mean,protein_mean,true_velocity_mean
run_20260701_183237,clean,linked_ode,kot,,88.0,0.032753,0.18955871174234842,0.9999942913345725,0.6122603416442871,0.14413245022296906,0.11845217645168304,0.46347615122795105,0.6843584775924683,0.001,0.1,1.0,0.5,spliced_mean,protein_mean,true_velocity_mean
run_20260701_183237,clean,linked_ode,kot,,101.0,0.032238,0.18697299459891975,0.9999946684227136,0.6186575293540955,0.1461144983768463,0.12019336223602295,0.46415525674819946,0.6715120673179626,0.001,0.1,1.0,0.5,spliced_mean,protein_mean,true_velocity_mean
run_20260701_183237,clean,linked_ode,kot,,123.0,0.031513,0.18689097819563913,0.9999941014942241,0.5911692380905151,0.13823336362838745,0.11632522195577621,0.46047472953796387,0.6748474836349487,0.001,0.1,1.0,0.5,spliced_mean,protein_mean,true_velocity_mean
run_20260701_183237,clean,linked_ode,kot,,2026.0,0.033124,0.1948669733946789,0.999994306694499,0.6081693768501282,0.14118000864982605,0.11801053583621979,0.4537848234176636,0.6766578555107117,0.001,0.1,1.0,0.5,spliced_mean,protein_mean,true_velocity_mean
run_20260701_183237,clean,linked_ode,kot_anchor,,6.0,0.029489,0.17904500900180034,0.9999945245426586,0.6022195816040039,0.13862043619155884,0.12102803587913513,0.47568947076797485,0.6780098676681519,0.001,0.1,1.0,0.5,spliced_mean,protein_mean,true_velocity_mean
run_20260701_183237,clean,linked_ode,kot_anchor,,9.0,0.0336,0.1954810962192438,0.9999943384946711,0.631427526473999,0.14473333954811096,0.11959657073020935,0.4476446509361267,0.6779828071594238,0.001,0.1,1.0,0.5,spliced_mean,protein_mean,true_velocity_mean
run_20260701_183237,clean,linked_ode,kot_anchor,,11.0,0.034124,0.19680936187237444,0.9999947952867132,0.6361225843429565,0.14745531976222992,0.1205616295337677,0.4530985355377197,0.6845868825912476,0.001,0.1,1.0,0.5,spliced_mean,protein_mean,true_velocity_mean
run_20260701_183237,clean,linked_ode,kot_anchor,,17.0,0.032816,0.19236687337467492,0.9999944180305247,0.6343249678611755,0.1449318528175354,0.11828844249248505,0.45117664337158203,0.6834716796875,0.001,0.1,1.0,0.5,spliced_mean,protein_mean,true_velocity_mean
run_20260701_183237,clean,linked_ode,kot_anchor,,21.0,0.031146,0.18476295259051811,0.9999943706545077,0.6109654903411865,0.14188067615032196,0.11747633665800095,0.4676784574985504,0.6841399073600769,0.001,0.1,1.0,0.5,spliced_mean,protein_mean,true_velocity_mean
run_20260701_183237,clean,linked_ode,kot_anchor,,33.0,0.032645,0.18999839967993595,0.9999947420066378,0.6066946387290955,0.14310158789157867,0.11618933081626892,0.46512743830680847,0.6777342557907104,0.001,0.1,1.0,0.5,spliced_mean,protein_mean,true_velocity_mean
run_20260701_183237,clean,linked_ode,kot_anchor,,42.0,0.033361,0.19716023204640928,0.9999944418864941,0.6256297826766968,0.14332589507102966,0.11711755394935608,0.4475138187408447,0.6787154078483582,0.001,0.1,1.0,0.5,spliced_mean,protein_mean,true_velocity_mean
run_20260701_183237,clean,linked_ode,kot_anchor,,77.0,0.033023,0.1931522304460892,0.999994694102569,0.6411336064338684,0.14433573186397552,0.119377002120018,0.45660966634750366,0.6854243874549866,0.001,0.1,1.0,0.5,spliced_mean,protein_mean,true_velocity_mean
run_20260701_183237,clean,linked_ode,kot_anchor,,88.0,0.032753,0.18955871174234842,0.9999942913345725,0.6122603416442871,0.14413245022296906,0.11845217645168304,0.46347615122795105,0.6843584775924683,0.001,0.1,1.0,0.5,spliced_mean,protein_mean,true_velocity_mean
run_20260701_183237,clean,linked_ode,kot_anchor,,101.0,0.032238,0.18697299459891975,0.9999946684227136,0.6186575293540955,0.1461144983768463,0.12019336223602295,0.46415525674819946,0.6715120673179626,0.001,0.1,1.0,0.5,spliced_mean,protein_mean,true_velocity_mean
run_20260701_183237,clean,linked_ode,kot_anchor,,123.0,0.031513,0.18689097819563913,0.9999941014942241,0.5911692380905151,0.13823336362838745,0.11632522195577621,0.46047472953796387,0.6748474836349487,0.001,0.1,1.0,0.5,spliced_mean,protein_mean,true_velocity_mean
run_20260701_183237,clean,linked_ode,kot_anchor,,2026.0,0.033124,0.1948669733946789,0.999994306694499,0.6081693768501282,0.14118000864982605,0.11801053583621979,0.4537848234176636,0.6766578555107117,0.001,0.1,1.0,0.5,spliced_mean,protein_mean,true_velocity_mean
run_20260701_183237,clean,linked_ode,kot_nodyn,,6.0,0.041475,0.2231882376475295,0.9999957846150384,-0.8265348076820374,0.1894601285457611,1.5176074504852295,0.6950886249542236,0.6921676397323608,0.001,0.1,1.0,0.5,spliced_mean,protein_mean,true_velocity_mean
run_20260701_183237,clean,linked_ode,kot_nodyn,,9.0,0.047912,0.256626925385077,0.999995743887054,-0.8387137651443481,0.18792977929115295,1.5302424430847168,0.6950709819793701,0.6929585337638855,0.001,0.1,1.0,0.5,spliced_mean,protein_mean,true_velocity_mean
run_20260701_183237,clean,linked_ode,kot_nodyn,,11.0,0.039613,0.2133390678135627,0.9999949603347016,-0.8320728540420532,0.17859309911727905,1.5493351221084595,0.6950797438621521,0.6983450651168823,0.001,0.1,1.0,0.5,spliced_mean,protein_mean,true_velocity_mean
run_20260701_183237,clean,linked_ode,kot_nodyn,,17.0,0.03579,0.19513182636527304,0.9999956867909743,-0.8321655988693237,0.17842794954776764,1.5364577770233154,0.6950819492340088,0.696349024772644,0.001,0.1,1.0,0.5,spliced_mean,protein_mean,true_velocity_mean
run_20260701_183237,clean,linked_ode,kot_nodyn,,21.0,0.040346,0.22639567913582714,0.9999960094230689,-0.8173482418060303,0.17699234187602997,1.5605316162109375,0.6950843334197998,0.6978495121002197,0.001,0.1,1.0,0.5,spliced_mean,protein_mean,true_velocity_mean
run_20260701_183237,clean,linked_ode,kot_nodyn,,33.0,0.037194,0.19836487297459493,0.9999948797186508,-0.8140073418617249,0.17877545952796936,1.509634256362915,0.6950825452804565,0.6896504163742065,0.001,0.1,1.0,0.5,spliced_mean,protein_mean,true_velocity_mean
run_20260701_183237,clean,linked_ode,kot_nodyn,,42.0,0.04205,0.2260764152830566,0.999995654655066,-0.8193740844726562,0.18036405742168427,1.5192627906799316,0.695077121257782,0.6923195123672485,0.001,0.1,1.0,0.5,spliced_mean,protein_mean,true_velocity_mean
run_20260701_183237,clean,linked_ode,kot_nodyn,,77.0,0.038782,0.21069293858771754,0.9999957715589954,-0.8170239925384521,0.17869466543197632,1.5601592063903809,0.6950750946998596,0.7004950046539307,0.001,0.1,1.0,0.5,spliced_mean,protein_mean,true_velocity_mean
run_20260701_183237,clean,linked_ode,kot_nodyn,,88.0,0.039847,0.2129373874774955,0.9999949014866165,-0.8329591751098633,0.18251155316829681,1.526491403579712,0.6950715780258179,0.6941672563552856,0.001,0.1,1.0,0.5,spliced_mean,protein_mean,true_velocity_mean
run_20260701_183237,clean,linked_ode,kot_nodyn,,101.0,0.044929,0.23891698339667933,0.999995370302852,-0.8325629234313965,0.18636062741279602,1.4744906425476074,0.6950685977935791,0.6831969618797302,0.001,0.1,1.0,0.5,spliced_mean,protein_mean,true_velocity_mean
run_20260701_183237,clean,linked_ode,kot_nodyn,,123.0,0.040998,0.21769713942788557,0.9999939532224156,-0.8252667784690857,0.1824677586555481,1.4927303791046143,0.6950809359550476,0.6874715685844421,0.001,0.1,1.0,0.5,spliced_mean,protein_mean,true_velocity_mean
run_20260701_183237,clean,linked_ode,kot_nodyn,,2026.0,0.040334,0.21427685537107422,0.9999947112143569,-0.8318068981170654,0.18129757046699524,1.511841058731079,0.6950700879096985,0.6904825568199158,0.001,0.1,1.0,0.5,spliced_mean,protein_mean,true_velocity_mean
run_20260701_200635_moscot_sweep,clean,linked_ode,moscot_sweep,epsilon_0p01_maxiter_100,,0.522506,,,,,,,,0.001,0.1,1.0,0.5,spliced_mean,protein_mean,true_velocity_mean
run_20260701_200635_moscot_sweep,clean,linked_ode,moscot_sweep,epsilon_0p01_maxiter_1000,,0.522506,,,,,,,,0.001,0.1,1.0,0.5,spliced_mean,protein_mean,true_velocity_mean
run_20260701_200635_moscot_sweep,clean,linked_ode,moscot_sweep,epsilon_0p01_maxiter_200,,0.522506,,,,,,,,0.001,0.1,1.0,0.5,spliced_mean,protein_mean,true_velocity_mean
run_20260701_200635_moscot_sweep,clean,linked_ode,moscot_sweep,epsilon_0p01_maxiter_500,,0.522506,,,,,,,,0.001,0.1,1.0,0.5,spliced_mean,protein_mean,true_velocity_mean
run_20260701_200635_moscot_sweep,clean,linked_ode,moscot_sweep,epsilon_0p05_maxiter_100,,0.548474,,,,,,,,0.001,0.1,1.0,0.5,spliced_mean,protein_mean,true_velocity_mean
run_20260701_200635_moscot_sweep,clean,linked_ode,moscot_sweep,epsilon_0p05_maxiter_1000,,0.548474,,,,,,,,0.001,0.1,1.0,0.5,spliced_mean,protein_mean,true_velocity_mean
run_20260701_200635_moscot_sweep,clean,linked_ode,moscot_sweep,epsilon_0p05_maxiter_200,,0.548474,,,,,,,,0.001,0.1,1.0,0.5,spliced_mean,protein_mean,true_velocity_mean
run_20260701_200635_moscot_sweep,clean,linked_ode,moscot_sweep,epsilon_0p05_maxiter_500,,0.548474,,,,,,,,0.001,0.1,1.0,0.5,spliced_mean,protein_mean,true_velocity_mean
run_20260701_200635_moscot_sweep,clean,linked_ode,moscot_sweep,epsilon_0p1_maxiter_100,,0.480252,,,,,,,,0.001,0.1,1.0,0.5,spliced_mean,protein_mean,true_velocity_mean
run_20260701_200635_moscot_sweep,clean,linked_ode,moscot_sweep,epsilon_0p1_maxiter_1000,,0.480252,,,,,,,,0.001,0.1,1.0,0.5,spliced_mean,protein_mean,true_velocity_mean
run_20260701_200635_moscot_sweep,clean,linked_ode,moscot_sweep,epsilon_0p1_maxiter_200,,0.480252,,,,,,,,0.001,0.1,1.0,0.5,spliced_mean,protein_mean,true_velocity_mean
run_20260701_200635_moscot_sweep,clean,linked_ode,moscot_sweep,epsilon_0p1_maxiter_500,,0.480252,,,,,,,,0.001,0.1,1.0,0.5,spliced_mean,protein_mean,true_velocity_mean
run_20260701_200635_moscot_sweep,clean,linked_ode,moscot_sweep,epsilon_0p5_maxiter_100,,0.487541,,,,,,,,0.001,0.1,1.0,0.5,spliced_mean,protein_mean,true_velocity_mean
run_20260701_200635_moscot_sweep,clean,linked_ode,moscot_sweep,epsilon_0p5_maxiter_1000,,0.487541,,,,,,,,0.001,0.1,1.0,0.5,spliced_mean,protein_mean,true_velocity_mean
run_20260701_200635_moscot_sweep,clean,linked_ode,moscot_sweep,epsilon_0p5_maxiter_200,,0.487541,,,,,,,,0.001,0.1,1.0,0.5,spliced_mean,protein_mean,true_velocity_mean
run_20260701_200635_moscot_sweep,clean,linked_ode,moscot_sweep,epsilon_0p5_maxiter_500,,0.487541,,,,,,,,0.001,0.1,1.0,0.5,spliced_mean,protein_mean,true_velocity_mean
